LIST_PRODUCTLIST,2019-04-25 14:45:03.985
LIST_PRODUCTLIST,2019-05-06 18:23:38.103
LIST_PRODUCTLIST,2019-05-09 22:57:44.39
SEE_ACTIVITY_LOG,2019-05-09 22:57:47.825
LIST_PRODUCTLIST,2019-05-23 16:58:29.921
ADD_PRODUCT_TO_DB,2019-05-23 16:59:04.806
SEE_ACTIVITY_LOG,2019-05-23 16:59:25.281
LIST_PRODUCTLIST,2019-05-23 16:59:59.461
ADD_PRODUCT_TO_DB,2019-05-23 17:00:19.802
LIST_PRODUCTLIST,2019-05-23 17:00:22.781
ADD_PRODUCT_TO_DB,2019-05-23 17:00:36.89
ADD_PRODUCT_TO_DB,2019-05-23 17:00:55.083
ADD_PRODUCT_TO_DB,2019-05-23 17:01:30.417
LIST_PRODUCTLIST,2019-05-23 17:01:31.622
EXPORT_DATABASE,2019-05-23 17:01:52.816
SEE_ACTIVITY_LOG,2019-05-23 17:02:03.585
